id,text,category,urgency,language,split,source,notes
SAGIP-0001,"Hindi na humihinga si tatay, tulungan po kami ngayon din!",medical,critical,fil,train,synthetic,
SAGIP-0002,"May nalunod na bata sa creek, unconscious na siya!",medical,critical,fil,train,synthetic,Contains the disaster keyword 'creek' but the emergency is medical.
SAGIP-0003,"Seizure si anak ko, hindi tumitigil, kailangan ng ambulansya",medical,critical,fil,test,synthetic,
SAGIP-0004,"Buntis ako at dumudugo na, nanganganib mabuhay ang baby",medical,critical,fil,train,synthetic,
SAGIP-0005,"Chest pain si lolo at hirap huminga, kailangan agad ng tulong",medical,critical,mixed,train,synthetic,
SAGIP-0006,Nabali ang binti ni kuya sa motor at dumudugo ng malakas,medical,critical,fil,train,synthetic,
SAGIP-0007,Unconscious ang lola ko matapos madapa sa hagdan,medical,critical,mixed,test,synthetic,
SAGIP-0008,"Hindi humihinga ang sanggol, tulong po agad!",medical,critical,fil,train,synthetic,
SAGIP-0009,"Napaso ang bata sa kumukulong tubig, malaki ang sugat",medical,critical,fil,train,synthetic,"Contains the fire keyword 'paso'; the incident is a burn injury, not a fire."
SAGIP-0010,"Mataas na lagnat ni bunso, tatlong araw na at hindi bumababa",medical,high,fil,test,synthetic,
SAGIP-0011,"Malalim ang sugat sa paa ni tatay, kailangan po tahiin",medical,high,fil,train,synthetic,
SAGIP-0012,Sumasakit ng husto ang tiyan ko at sumusuka na ako,medical,high,fil,train,synthetic,
SAGIP-0013,"Nahihilo at nanghihina si nanay, diabetic po siya",medical,high,mixed,test,synthetic,
SAGIP-0014,"Nadapa ang senior citizen sa kanto, hindi na makatayo",medical,high,mixed,train,synthetic,
SAGIP-0015,"Hirap huminga ang asthmatic kong anak, wala kaming nebulizer",medical,high,mixed,train,synthetic,
SAGIP-0016,Dumudugo ang ilong ng bata at ayaw tumigil,medical,high,fil,train,synthetic,
SAGIP-0017,"Sumasakit ang dibdib ni misis, baka atake sa puso",medical,high,fil,test,synthetic,
SAGIP-0018,"Nanghihina ang buntis, kailangan po ng ambulansya papuntang ospital",medical,high,fil,train,synthetic,
SAGIP-0019,"Nabali ang braso ng bata, hindi na makagalaw",medical,high,fil,train,synthetic,
SAGIP-0020,Hindi mapigil ang pagdurugo ng sugat sa ulo ni kuya,medical,high,fil,test,synthetic,
SAGIP-0021,"May sugat lang po sa kamay, pwede po humingi ng first aid",medical,average,fil,train,synthetic,
SAGIP-0022,Kailangan po ng gamot sa altapresyon ni lola,medical,average,fil,train,synthetic,
SAGIP-0023,Kailangan po ng tulong sa paghatid sa ospital ni lolo,medical,average,fil,test,synthetic,
SAGIP-0024,"Nasugatan ang tuhod ng bata habang naglalaro, pwede pa po bang gamutin dito",medical,average,fil,train,synthetic,
SAGIP-0025,"Sumusuka ang anak ko pero wala nang lagnat, ano po ang gagawin",medical,average,fil,train,synthetic,
SAGIP-0026,May ambulansya po ba na pwedeng gamitin bukas para sa dialysis,medical,average,mixed,train,synthetic,
SAGIP-0027,"Kailangan po ng bakuna ng sanggol namin, kailan po ang schedule",medical,low,mixed,test,synthetic,
SAGIP-0028,"Tanong lang po, may dental services po ba sa health center",medical,low,mixed,train,synthetic,
SAGIP-0029,Anong oras po bukas ang health center para sa prenatal checkup,medical,low,mixed,train,synthetic,
SAGIP-0030,Meron po ba kayong libreng gamot sa ubo para sa bata,medical,low,fil,test,synthetic,
SAGIP-0031,"Sunog sa kabilang kalye, kumakalat na ang apoy!",fire,critical,fil,train,synthetic,
SAGIP-0032,"Malaki na ang apoy sa bahay ni Mang Tonio, tulong agad!",fire,critical,fil,train,synthetic,
SAGIP-0033,"Sumasabog ang gasul sa kusina, nasusunog na ang bahay",fire,critical,fil,test,synthetic,
SAGIP-0034,"Nasusunog ang bodega sa tabi ng eskwelahan, ngayon din po!",fire,critical,fil,train,synthetic,
SAGIP-0035,"Kumakalat na ang apoy sa mga kabahayan, kailangan ng bumbero",fire,critical,fil,train,synthetic,
SAGIP-0036,"May liyab na sa kusina ng karinderya, kailangan ng bumbero",fire,critical,fil,train,synthetic,
SAGIP-0037,"Nasusunog ang sari-sari store sa kanto, may mga tao pa sa loob",fire,critical,mixed,test,synthetic,
SAGIP-0038,Nag-apoy ang motor sa garahe at malapit sa tangke ng gasolina,fire,critical,fil,train,synthetic,
SAGIP-0039,"Nasusunog ang basurahan sa likod, umuusok na ng malaki",fire,high,fil,train,synthetic,
SAGIP-0040,May usok na galing sa bahay ng kapitbahay at walang tao sa loob,fire,high,fil,test,synthetic,
SAGIP-0041,Umuusok ang electric fan at natutunaw na ang wire,fire,high,mixed,train,synthetic,
SAGIP-0042,May naapoy na damo sa bakanteng lote at lumalaki na,fire,high,fil,train,synthetic,
SAGIP-0043,Umuusok ang metro ng kuryente sa labas ng bahay,fire,high,fil,test,synthetic,
SAGIP-0044,"May apoy sa likod ng palengke, maliit pa pero lumalaki",fire,high,fil,train,synthetic,
SAGIP-0045,Naiwang nakasindi ang kalan at umuusok na ang kusina,fire,high,fil,train,synthetic,
SAGIP-0046,Amoy na amoy ang tumatagas na gasul sa loob ng bahay,fire,high,fil,train,synthetic,
SAGIP-0047,Nasusunog ang mga tuyong dahon sa gilid ng kalsada,fire,average,fil,test,synthetic,
SAGIP-0048,"Nag-spark ang extension cord kagabi, baka po pasabugin ang linya",fire,average,mixed,train,synthetic,
SAGIP-0049,"Nasunog ang parte ng dingding pero napatay na namin, pakicheck po",fire,average,fil,train,synthetic,
SAGIP-0050,"May nagsisiga ng basura sa tabi ng bahay namin, natatakot kami",fire,average,fil,test,synthetic,
SAGIP-0051,"Sira ang fire extinguisher sa barangay hall, pwede po bang palitan",fire,average,mixed,train,synthetic,
SAGIP-0052,"Nasunog ang bahagi ng bubong dahil sa kuryente, wala nang apoy ngayon",fire,average,fil,train,synthetic,
SAGIP-0053,"Nasusunog ang ilalim ng tulay, may mga kahoy doon",fire,high,fil,test,synthetic,
SAGIP-0054,"Nag-usok ang aircon sa kwarto, pinatay na namin ang breaker",fire,average,mixed,train,synthetic,
SAGIP-0055,May naaamoy na parang nasusunog na plastik sa likod bahay,fire,average,fil,train,synthetic,
SAGIP-0056,"Tanong lang po, kailan po ang fire safety seminar sa barangay",fire,low,mixed,train,synthetic,
SAGIP-0057,Paano po kami makakakuha ng fire extinguisher para sa bahay,fire,low,mixed,test,synthetic,
SAGIP-0058,Meron po ba kayong training para sa fire brigade volunteers,fire,low,mixed,train,synthetic,
SAGIP-0059,Saan po ang pinakamalapit na fire hydrant sa purok namin,fire,low,mixed,train,synthetic,
SAGIP-0060,Anong number po ang tatawagan kapag may sunog sa gabi,fire,low,fil,test,synthetic,
SAGIP-0061,"May dalang baril ang lasing sa kanto, nananakot ng mga tao!",peace_order,critical,fil,train,synthetic,
SAGIP-0062,"May hawak na patalim ang nag-aaway, sumisigaw ng tulong ang misis",peace_order,critical,fil,train,synthetic,
SAGIP-0063,"Holdaper sa may tindahan, tinangay ang pera at tumakas",peace_order,critical,fil,test,synthetic,
SAGIP-0064,"Sinasaktan ng lasing ang anak niya, tulong po ngayon din",peace_order,critical,fil,train,synthetic,
SAGIP-0065,"May kutsilyo ang nagwawala sa kalsada, delikado ang mga bata",peace_order,critical,fil,train,synthetic,
SAGIP-0066,"Tinangay ang bata ng hindi kilalang lalaki, habol po!",peace_order,critical,fil,train,synthetic,
SAGIP-0067,"Binaril ang kapitbahay namin, dumudugo siya ngayon",peace_order,critical,mixed,test,synthetic,Both peace-and-order and medical response are needed; ground truth is the security incident.
SAGIP-0068,"Nag-aaway ang dalawang lasing at may hawak na bote, nanganganib ang mga nakatingin",peace_order,critical,fil,train,synthetic,
SAGIP-0069,May kahina-hinalang lalaki na paikot-ikot sa bahay namin buong gabi,peace_order,high,fil,train,synthetic,
SAGIP-0070,"Nagnanakaw ng alagang manok sa likod-bahay, nahuli namin sa CCTV",peace_order,high,fil,test,synthetic,
SAGIP-0071,"Nag-iingay at lasing ang mga kabataan sa plaza, ayaw umalis",peace_order,high,fil,train,synthetic,
SAGIP-0072,Nanakot ang kapitbahay na sasaktan kami dahil sa away sa lupa,peace_order,high,fil,train,synthetic,
SAGIP-0073,"May nagnanakaw ng tubo ng tubig sa kanto, nahuli ng guard",peace_order,high,fil,test,synthetic,
SAGIP-0074,Nag-aaway ang mag-asawa at sumisigaw ang bata sa loob,peace_order,high,fil,train,synthetic,
SAGIP-0075,Sinira ng lasing ang bakod namin at nananakot pa,peace_order,high,fil,train,synthetic,
SAGIP-0076,May kahina-hinalang sasakyan na nakaparada sa tapat ng eskwelahan,peace_order,high,fil,train,synthetic,
SAGIP-0077,"Nag-iingay ang videoke sa kabilang bahay, alas-dos na ng umaga",peace_order,average,fil,test,synthetic,
SAGIP-0078,"May nagnanakaw ng sampayan, pangalawang beses na ngayong linggo",peace_order,average,fil,train,synthetic,
SAGIP-0079,Gusto po naming magpa-blotter tungkol sa away kahapon,peace_order,average,fil,train,synthetic,
SAGIP-0080,May nag-aaway na magkapitbahay tungkol sa hangganan ng lote,peace_order,average,fil,test,synthetic,
SAGIP-0081,Nasira ang gate namin nang sinipa ng lasing kagabi,peace_order,average,fil,train,synthetic,
SAGIP-0082,"May lasing na natutulog sa waiting shed, hinahadlangan ang daan",peace_order,average,fil,train,synthetic,
SAGIP-0083,Palaging nag-iingay ang mga tambay sa likod ng chapel tuwing gabi,peace_order,average,fil,test,synthetic,
SAGIP-0084,May kahina-hinalang nagtatanong tungkol sa mga bahay na walang tao,peace_order,average,fil,train,synthetic,
SAGIP-0085,"Nawawala ang bisikleta ng anak ko, baka nanakaw sa labas",peace_order,average,fil,train,synthetic,
SAGIP-0086,Paano po mag-file ng blotter para sa nawawalang cellphone,peace_order,low,mixed,train,synthetic,
SAGIP-0087,Tanong ko lang po kung anong oras nagro-rondang tanod sa purok namin,peace_order,low,fil,test,synthetic,
SAGIP-0088,Meron po ba kayong barangay protection order na pwedeng i-apply,peace_order,low,mixed,train,synthetic,
SAGIP-0089,Saan po ang tanod outpost na pinakamalapit sa Purok 3,peace_order,low,fil,train,synthetic,
SAGIP-0090,Kailan po ang schedule ng barangay peacekeeping seminar,peace_order,low,mixed,test,synthetic,
SAGIP-0091,"Tumataas ang tubig sa loob ng bahay, nanganganib ang mga bata",disaster,critical,fil,train,synthetic,
SAGIP-0092,"Gumuho ang lupa sa likod ng bahay, may nakabaon na kubo",disaster,critical,fil,train,synthetic,
SAGIP-0093,"Bumagsak na malaking puno sa bubong namin, may tao sa ilalim",disaster,critical,fil,test,synthetic,
SAGIP-0094,"Malakas na lindol, pumutok ang dingding at natatakot kaming bumalik",disaster,critical,fil,train,synthetic,
SAGIP-0095,"Landslide sa daan papuntang sitio, walang makadaan ngayon",disaster,critical,mixed,train,synthetic,
SAGIP-0096,"Tinangay ng baha ang mga gamit namin, nasa bubong kami ngayon",disaster,critical,fil,train,synthetic,
SAGIP-0097,"Bumabaha na hanggang baywang sa Purok 2, kailangan ng evacuation",disaster,critical,mixed,test,synthetic,
SAGIP-0098,Sumabog ang creek at kumakalat na ang tubig sa kalsada,disaster,critical,fil,train,synthetic,
SAGIP-0099,"Tumataas nang mabilis ang tubig sa kanal, papasok na sa mga bahay",disaster,high,fil,train,synthetic,
SAGIP-0100,Malakas ang hangin at natanggal ang yero ng bubong namin,disaster,high,fil,test,synthetic,
SAGIP-0101,Bumagsak ang poste ng kuryente sa daan dahil sa bagyo,disaster,high,fil,train,synthetic,
SAGIP-0102,Barado ang kanal at bumabaha na sa harap ng bahay,disaster,high,fil,train,synthetic,
SAGIP-0103,Nagkabitak ang lupa sa gilid ng bundok matapos ang malakas na ulan,disaster,high,fil,test,synthetic,
SAGIP-0104,"Nanginig ang bahay sa lindol, may bitak na sa haligi",disaster,high,fil,train,synthetic,
SAGIP-0105,Papalapit ang bagyo at wala pang evacuation center na bukas sa amin,disaster,high,mixed,train,synthetic,
SAGIP-0106,"Nasira ng hangin ang bubong ng kubo, basang-basa na ang loob",disaster,high,fil,train,synthetic,
SAGIP-0107,Hindi humuhupa ang ulan at unti-unting tumataas ang tubig,disaster,average,fil,test,synthetic,
SAGIP-0108,May nakaharang na sanga ng puno sa kalsada matapos ang bagyo,disaster,average,fil,train,synthetic,
SAGIP-0109,"May baradong kanal sa likod namin, mabilis pumuno kapag umulan",disaster,average,fil,train,synthetic,
SAGIP-0110,Tumagas ang bubong ng barangay hall nang umulan kagabi,disaster,average,fil,test,synthetic,
SAGIP-0111,"Nakatumba ang kawayan sa tabi ng daan, delikado sa mga motor",disaster,average,fil,train,synthetic,
SAGIP-0112,Naipit ang basura sa kanal kaya hindi maganda ang agos ng tubig,disaster,average,fil,train,synthetic,
SAGIP-0113,"May maliit na pagguho sa gilid ng kalsada, lumalaki kapag umuulan",disaster,average,fil,test,synthetic,
SAGIP-0114,Basang-basa ang relief goods na nasa bodega dahil tumagas ang bubong,disaster,average,mixed,train,synthetic,"Mentions relief goods but the report is about storm damage, not an aid request."
SAGIP-0115,"Hindi na dumadaan ang tubig sa spillway, nag-iipon na",disaster,average,fil,train,synthetic,
SAGIP-0116,"Tanong lang po, saan po ang evacuation center namin kapag may bagyo",disaster,low,mixed,train,synthetic,
SAGIP-0117,Kailan po ang susunod na earthquake drill sa barangay,disaster,low,mixed,test,synthetic,
SAGIP-0118,Meron po ba kayong listahan ng mga flood-prone na purok,disaster,low,mixed,train,synthetic,
SAGIP-0119,Paano po kami makakakuha ng update kung may typhoon signal,disaster,low,mixed,train,synthetic,
SAGIP-0120,Anong oras po nagsisimula ang preemptive evacuation kapag signal number 3,disaster,low,mixed,test,synthetic,
SAGIP-0121,Kailangan po namin ng burial assistance para sa namatay na tatay,general_assistance,high,mixed,train,synthetic,
SAGIP-0122,"Nasalanta kami ng bagyo, pwede po bang humingi ng relief goods",general_assistance,high,mixed,train,synthetic,"Mentions bagyo but the actual request is for aid, not storm response."
SAGIP-0123,"Wala na kaming makain simula kahapon, pwede po humingi ng ayuda",general_assistance,high,fil,test,synthetic,
SAGIP-0124,"Kailangan po ng tulong pambayad sa ospital, indigency po kami",general_assistance,high,mixed,train,synthetic,
SAGIP-0125,"Nawalan ng bahay sa sunog, saan po kami pwedeng manatili",general_assistance,high,fil,train,synthetic,Mentions sunog but the need is shelter and aid after the fire.
SAGIP-0126,Kailangan po ng certificate of indigency para sa scholarship,general_assistance,average,mixed,train,synthetic,
SAGIP-0127,Pwede po ba kumuha ng barangay clearance ngayong hapon,general_assistance,average,mixed,test,synthetic,
SAGIP-0128,Ano po ang requirements para sa business permit ng maliit na tindahan,general_assistance,average,mixed,train,synthetic,
SAGIP-0129,Kailangan po ng residency certificate para sa trabaho sa Manila,general_assistance,average,mixed,train,synthetic,
SAGIP-0130,Pwede po bang humingi ng tulong sa byahe pauwi sa probinsya,general_assistance,average,fil,test,synthetic,
SAGIP-0131,"May sirang poste ng ilaw sa kalsada, madilim na po sa gabi",general_assistance,average,fil,train,synthetic,
SAGIP-0132,Walang tubig sa gripo namin tatlong araw na po,general_assistance,average,fil,train,synthetic,
SAGIP-0133,"Hindi na nakokolekta ang basura sa purok namin, isang linggo na",general_assistance,average,fil,test,synthetic,
SAGIP-0134,Kailangan po ng tulong sa pag-apply ng senior citizen ID ni lola,general_assistance,average,mixed,train,synthetic,
SAGIP-0135,Gusto po sana naming mag-apply sa cash for work program,general_assistance,average,mixed,train,synthetic,
SAGIP-0136,"May sirang kalsada sa harap ng bahay, mapanganib sa motor",general_assistance,average,fil,train,synthetic,
SAGIP-0137,Pwede po bang magpa-solo parent ID dito sa barangay,general_assistance,average,mixed,test,synthetic,
SAGIP-0138,Kailangan po ng barangay certificate para sa PWD application,general_assistance,average,mixed,train,synthetic,
SAGIP-0139,"Naghahanap po ako ng trabaho, may job fair po ba sa barangay",general_assistance,low,mixed,train,synthetic,
SAGIP-0140,Tanong ko lang po kung magkano ang barangay clearance ngayon,general_assistance,low,fil,test,synthetic,
SAGIP-0141,Anong oras po bukas ang barangay hall tuwing Sabado,general_assistance,low,fil,train,synthetic,
SAGIP-0142,Meron po ba kayong libreng tutorial para sa mga bata,general_assistance,low,mixed,train,synthetic,
SAGIP-0143,Paano po mag-register sa listahan ng 4Ps beneficiaries,general_assistance,low,mixed,test,synthetic,
SAGIP-0144,Saan po ang tanggapan para sa livelihood training,general_assistance,low,mixed,train,synthetic,
SAGIP-0145,Kailan po ang susunod na distribution ng ayuda,general_assistance,low,fil,train,synthetic,
SAGIP-0146,Ano po ang requirements sa pag-apply ng cedula,general_assistance,low,mixed,train,synthetic,
SAGIP-0147,Pwede po ba magtanong kung sino ang kagawad sa Purok 5,general_assistance,low,fil,test,synthetic,
SAGIP-0148,Meron po ba kayong bakanteng slot sa day care center,general_assistance,low,mixed,train,synthetic,
SAGIP-0149,Paano po kami makakapag-request ng kopya ng barangay resolution,general_assistance,low,mixed,train,synthetic,
SAGIP-0150,"Tanong lang po, kailan po ang barangay assembly this month",general_assistance,low,mixed,test,synthetic,
